Order	Family	Genus	Species	Ts_rep_1	Te_rep_1	Ts_rep_2	Te_rep_2	Ts_rep_3	Te_rep_3	Ts_rep_4	Te_rep_4	Ts_rep_5	Te_rep_5	Ts_rep_6	Te_rep_6	Ts_rep_7	Te_rep_7	Ts_rep_8	Te_rep_8	Ts_rep_9	Te_rep_9	Ts_rep_10	Te_rep_10	Ts_rep_11	Te_rep_11	Ts_rep_12	Te_rep_12	Ts_rep_13	Te_rep_13	Ts_rep_14	Te_rep_14	Ts_rep_15	Te_rep_15	Ts_rep_16	Te_rep_16	Ts_rep_17	Te_rep_17	Ts_rep_18	Te_rep_18	Ts_rep_19	Te_rep_19	Ts_rep_20	Te_rep_20
Squaliformes	Dalatiidae	Acrosqualiolus	Acrosqualiolus_mirus	45.7086860421488	41.2312361172679	44.1851199640601	42.2263797281942	44.6077235445245	41.9947765822131	44.8072880327099	41.9633916019497	44.8458427084393	42.7527812305394	45.1968726941188	41.4320081239568	45.5972691348986	41.0848626811218	45.2013187178962	42.0651145066367	44.9074531132476	41.8522015377386	45.4296363598839	42.5024118058242	45.1084969388459	42.3090186048673	45.0878752891892	41.6332589591791	44.9902293408581	41.9729845441366	44.7483127439631	42.3237499450468	45.2231094867263	42.5358029806947	45.126214743693	41.9914406037768	45.3648080278975	41.4245715220286	45.1449224755603	42.1815156490417	45.65013078152	41.9329902924825	44.2455996297581	42.2568208612832
Squaliformes	Dalatiidae	Angoumeius	Angoumeius_paradoxus	46.1061316247219	39.0916637503188	45.0128250683724	39.8376144098626	45.2681365394934	37.2256756683373	45.3911642046702	39.6054024738209	45.0558140162559	40.366499179055	45.752174851291	38.4810597837933	46.1378851795371	39.3224260235905	45.4484394382444	39.1952919861622	45.5388489845026	37.5914608858144	45.530478306572	38.0816903015849	45.7540936717138	40.026000685619	45.5585095185162	37.3235992748329	45.5112404436425	39.9167857457124	45.4445201760011	40.3964581027731	45.9732567448972	39.3305715112875	45.5429419305134	37.5226034657917	46.2038837179322	39.3065924332531	45.2209239926705	38.6766104848076	46.0960121606537	37.977651554217	45.2738431318336	40.2876914019561
Squaliformes	Dalatiidae	Angoumeius	Angoumeius_sanadaensis	13.0191178102771	11.5854676763735	13.6639012699632	11.6908253827122	13.2179945132575	11.5210236653161	13.9579063150706	12.4318131140423	13.0858449439449	11.3491815756875	16.5757132740048	14.5555001186029	15.8537728506979	14.0007705014168	16.1894343574319	13.628163974867	13.5431529829591	11.5695921983828	15.8224180080921	13.4580897902799	16.8914932775978	14.4873453718556	12.7790622727255	11.1292959527195	14.9654246496963	12.838289297621	12.6547402862831	11.1166638871226	14.9795296087961	12.598235198181	15.5860444600137	13.3224129676801	13.9768574012914	12.1858573862294	15.3794805101699	13.1407494635041	15.2655325349431	13.0034926951811	16.409192639034	14.4384160422053
Squaliformes	Centrophoridae	Centrodeania	Centrodeania_annae	63.4691738563347	61.9125863668614	63.7554514731618	61.7956658976871	65.1734395018005	63.5754736948121	64.4559043858203	61.3173529814797	63.5651656670664	60.9054550510862	64.3262869058453	61.3384916319493	67.2051083057509	62.1310496117646	66.4041251782831	60.4364080051555	66.2353749803041	61.7860815829909	65.1696126121182	61.9867774733602	66.6965477367431	63.0782286141247	66.054960028724	64.1563114738465	66.7384719263753	61.375549487472	63.183062910734	61.2620603022667	66.6525604729403	62.3952610462784	66.1067818253624	63.4308260477424	66.4751212532765	62.2810999251085	63.733818754179	61.4325378369434	66.8535464431548	60.7706241989334	65.6713732226406	61.2994837285315
Squaliformes	Centrophoridae	Centrodeania	Centrodeania_rugosa	65.0380267798609	61.4606574441168	65.7667725237365	61.629172921379	63.9324618443674	62.1800039807621	66.7544707885091	62.23463423566	65.0651725919003	61.278956942786	65.2116671017593	60.8723054092545	66.4099258897157	61.8010682477343	66.7197142352184	64.3292665460444	66.7419084435817	64.1288683447263	64.8103871634657	62.7320808305048	66.6917920141087	63.1718361200417	66.0715929495044	62.4864417872469	66.2227431109494	61.3556662890091	67.1122974889852	63.8967746013304	65.5828549756945	62.0166392306817	64.5215937766716	62.3088817382137	65.1264478545394	62.4687234529217	66.1428490014255	63.5883442884429	66.5767903536662	61.8246311015574	66.7539099882522	63.5084867907988
Squaliformes	Squalidae	Centrophoroides	Centrophoroides_appendiculatus	84.2465381704504	65.873854079853	82.3626357071905	65.5875209108247	83.8719399408157	65.7251334050965	84.714694134795	67.183942146666	84.3183550675715	65.3473376873561	83.4259833619026	65.5699860998114	84.5486404041256	65.2506010427359	83.6720602061254	67.007144372219	84.220694065727	67.1616173948044	83.3650736340571	65.7370752765025	84.9109501836691	66.3608934613072	83.9917761061692	66.0893402507825	84.329598842943	65.7258253227832	84.119178855064	65.4434396296838	83.6325556612165	65.7447306541758	82.0843746135763	65.5599431246467	84.7583929434071	66.3344110468017	84.7696264086853	65.7005016210062	82.9382624805659	66.9174078123957	82.7350413879848	65.8990117005081
Squaliformes	Squalidae	Centrophoroides	Centrophoroides_latidens	85.7171947956681	82.7807680776657	85.6779379523663	84.0098297380899	86.1876124275565	83.5677705247625	85.2387101827274	83.003876575311	85.6938112951802	83.1787853757323	86.4837401677904	82.7666827027735	85.6005385542522	84.2859449096639	86.4791156080558	82.7910912181021	84.9051580717283	83.0714689130127	86.4084689953877	84.135377568385	86.2674678875558	83.5521181779836	85.2819598923836	83.5327245186654	85.1818464850852	83.7881527479987	85.2775432903849	83.0801883104987	85.7463217263228	83.7443468154448	86.198088387471	83.322650345506	86.3931282832893	83.7136435085752	86.3023081733218	83.734383905525	86.1013507394175	82.5513084571646	85.3859176378198	83.4610060622071
Squaliformes	Centrophoridae	Centrophorus	Centrophorus_granulosus	21.0375521578321	0	21.0450720383229	0	21.3164350990792	0	21.4848261412699	0	19.4201688174265	0	20.2207242068383	0	19.9122858548789	0	20.6818363987254	0	19.189117767415	0	19.3045056361853	0	18.6705323047933	0	21.1234154949846	0	17.5395804152728	0	19.0100151754588	0	21.4001510307335	0	20.3607832933552	0	19.8755422007018	0	19.4111871994209	0	18.5018213263023	0	18.4851979665058	0
Squaliformes	Centrophoridae	Centrophorus	Centrophorus_serratus	21.0072695308308	18.4233173187271	19.1546973111977	16.5606857971964	20.7352942933997	18.0206386903673	20.4710828613172	17.745697637698	17.4581726106613	14.8379567757698	17.9396347639642	15.9320373153527	17.1987136107997	15.1215394150661	20.6410689827731	17.984818060139	18.7754132658563	15.7366671838628	20.1239385375982	17.1258716023857	19.3330039443643	16.9542180405684	18.8193842397821	15.7097070904129	20.2413214079472	17.7513020415555	19.1659379563292	16.655250312098	20.7200415568114	18.5826093005381	19.0541151495523	16.8778619154509	20.6889478978235	17.6411365000371	18.7412323152507	16.0401197369102	20.9253038555194	18.3517845396856	20.7101610681905	18.9523910669317
Squaliformes	Centrophoridae	Centrophorus	Centrophorus_sp.-nov.	26.3091050837036	15.0548376723319	27.9915781208576	18.5826993940426	25.4185204861183	15.4644298048547	29.7890733311335	16.2064668743898	25.3409726185322	21.4413720569948	27.7815501852477	17.2340087232356	26.2548299944831	18.8591426009683	24.8539855874968	14.1557085830784	25.3179489580647	14.0377870802535	27.8105659198996	14.6711339765898	25.6857769978488	19.9284931701902	25.8250333303004	20.7539180256188	28.0564342038511	15.1888367249427	24.8415498998065	19.4997242463524	28.2960218515796	16.7464327819917	28.5516048178996	16.7544028895966	28.1012143769326	19.6749193650344	27.166738516784	14.9540212616602	26.4651827959515	15.1548212809002	28.5395128427429	21.0839346737738
Squaliformes	Centrophoridae	Centrophorus	Centrophorus_squamosus	6.14184348957454	0	6.67097063234974	0	6.51692114977245	0	6.16459783938021	0	6.21457312450662	0	6.30447915231988	0	6.26213904521761	0	6.38886781301512	0	6.32048123013603	0	6.2396836210725	0	6.34867813007627	0	6.16408381610607	0	6.3015381346544	0	6.41850416211874	0	6.31096845286324	0	5.94857801151499	0	6.2876780736503	0	6.45052104802097	0	6.30481474093993	0	6.16537754173153	0
Squaliformes	Centrophoridae	Centrophorus	Centrophorus_stehlini	27.552191962807	26.2928498318561	24.8300612141088	22.9915424445047	24.7109502446983	22.9825057808932	25.0903443039114	23.7692646914856	28.2824216085545	26.6288876157207	27.8313514280631	25.5936271223937	28.5022326576084	26.8719103604669	24.2097934423826	22.5978668004259	28.9481673282997	26.5651476937975	26.5945983535209	25.0857240581962	27.0595190286763	25.4916168160923	24.6467520244578	23.2734571896643	26.6278804202996	24.6583127056511	27.1698695207708	25.8167008177544	25.7762044866576	23.9353957258579	24.8364244509025	22.7895007791533	27.9124779912761	25.8571537017354	28.3605385313008	26.7987200668159	28.8283333354224	27.202899135685	26.0067409683592	24.7486382216076
Squaliformes	Somniosidae	Centroscymnus	Centroscymnus_praecursor	84.859899796642	62.2656494583616	82.9841645737274	60.9688895013828	84.8702675410226	61.2368065180904	84.407480979191	63.6073578876171	84.6578852036998	62.1862657934694	84.832810246082	61.2734799765035	83.9608957485267	61.4556378749607	83.9188202005072	60.8719781469655	84.1220054264609	61.0099789853683	84.6704242072622	61.5113865685814	84.7437479262221	61.9364443192721	83.7092242139908	62.1143781812955	82.8470903592161	62.2641672502689	84.5044386570598	62.2893448304744	84.8960711069901	61.2488594782421	84.0351537963984	61.3232136101992	84.1223777132889	61.3113373774753	84.8700408568815	61.7311297692609	84.3912901474916	61.2319361706993	83.2400266678149	61.6377760084855
Squaliformes	Somniosidae	Centroscymnus	Centroscymnus_schmidi	74.0722674066539	68.0569192688246	76.567210421701	67.1448325401026	74.5678387817647	64.9577857692876	77.2150534553178	66.4028890553791	76.0119303688069	65.904461144279	74.6860097630958	65.6151356538221	76.2868425950165	66.5945547240688	77.495290031432	66.5984954029179	77.7001137190721	65.2622282342303	75.7304778649699	65.0776798016828	76.4624595883052	65.7455545259757	77.8876099904231	66.805527365363	76.053797921175	66.0566200496631	78.3317064971779	64.9867222223467	78.0567348832319	67.2551369853063	76.6755426281627	66.0660726392184	77.1632380617762	65.2104236612296	75.0277820419393	67.1955114924159	78.2779773972204	66.2874199025323	77.4852458611146	65.8911153911894
Squaliformes	Somniosidae	Centroscymnus	Centroscymnus_sp.-nov.	45.4325995899553	41.0699442835142	44.4535442531394	42.4025931464424	45.1339192959569	42.4695300171745	44.6057645948763	41.8033151364765	44.8152394181639	42.5140787034892	45.6342206772504	41.8628115924215	45.8289803339341	41.5946001634511	45.3040748260774	42.2427512356878	44.9647184279886	42.0626747665785	44.8468562467417	41.998701330719	45.0789807637707	42.2858761525398	44.9118471263305	41.5026787122377	45.1297616014525	42.11860141234	44.5010813971989	42.2190351878106	45.0385796196796	42.2490779227179	44.8731003813353	41.9190163173116	45.5829529409165	41.8384761191185	44.93996720402	41.9583443228164	45.5383206743543	41.5887586304558	44.2797027037939	42.2833731968063
Squaliformes	Somniosidae	Centroselachus	Centroselachus_crepidater	6.4863690319634	0	6.29209966827238	0	6.31147673562419	0	6.15054666125476	0	6.16410160666732	0	6.04237433727396	0	6.41181082423924	0	6.77068083069852	0	6.40773997242149	0	6.7983753841793	0	5.96275558352963	0	6.3861257979338	0	6.60585786075674	0	6.25374470571431	0	6.30900098245348	0	6.09576597732369	0	6.33160211406448	0	6.13691160977661	0	6.3959860566407	0	6.44897840366416	0
Squaliformes	Squalidae	Centrosqualus	Centrosqualus_mustardi	74.2349505824565	72.645780057569	73.8029650245141	72.0155937560379	77.4736870901654	74.5676070312778	76.0469455359969	73.9120376916489	73.0989988119699	71.5686821505688	74.2222854932088	72.2074067773821	76.8544128856789	74.2710400722131	74.8803268993469	73.1236585388614	77.4092695067515	74.6133848183541	75.7146729518249	73.9608653835698	75.7210490696474	73.6746864330446	77.0636144735904	74.5441848889893	73.7203631084264	72.1812320923596	77.3376343602313	74.3884653697207	73.1341886293689	71.4670258326366	73.1972343434874	71.6909882407385	74.1726245866283	72.6335305738532	76.6949746241237	74.2541301357439	75.490128498733	73.2271849827611	74.548009103845	72.6768327031432
Squaliformes	Squalidae	Centrosqualus	Centrosqualus_primaevus	86.0652528370275	85.1199716019313	85.2285399546146	83.7908536497235	85.9775500075562	84.6143928837846	85.9735204257884	85.0204564320803	85.5479403720551	84.0911811763898	86.1282564932726	84.6864098042375	85.4375508827984	83.8371099050073	84.8111835745615	83.0744422478014	86.0025434802801	84.7025147918369	84.8353380014287	83.1924706701521	85.3260273883323	83.2867661045745	86.1824862612321	84.9487181497821	85.0549585680023	83.7260015652394	85.5760905741012	84.2432819390175	85.0724484860417	83.3368262017588	85.249598795297	83.6978572528882	84.9672376529867	83.2472243360452	86.3525244566197	85.0348343239458	85.9868655826762	84.5493182652018	86.0220700754004	84.8864580139797
Squaliformes	Somniosidae	Cretascymnus	Cretascymnus_adonis	85.8500085408681	84.8132570435459	85.5954991493209	84.3899005120649	84.9045414726744	83.4257266216758	85.6747761218288	84.7946593882946	84.687049227746	82.9807398403095	85.4301748016966	83.8407964150336	86.0499019101922	84.8825087112298	85.9824268467457	84.692341662083	85.4050086580972	84.0515137225478	85.0146787206457	83.4432879474495	85.9415275182532	84.5559822101265	85.4968735369647	84.2543787682597	85.9780149171093	84.7370902374974	85.540694756038	84.2331561401608	85.3876288937289	83.6279111261756	86.1601363195401	84.8547191538928	84.7392583823745	82.9763813439422	84.7059300833451	82.8731861084313	84.808716368682	83.1119840488693	84.9156795981643	83.6125231927732
Squaliformes	Somniosidae	Cretascymnus	Cretascymnus_beauryi	70.8297038821533	66.5021846517552	70.3816597182318	66.2271741557484	70.6158061047339	66.9045176723855	69.4856291489295	65.5650780379565	70.6852744731942	66.9123434888562	70.9678216634407	65.4713892236217	71.2010810744778	65.4444861388008	70.8826026532592	66.4917098237818	69.7204349805647	66.0945919360745	70.5902151911118	66.5609020381084	71.0803538104781	65.8851798420229	70.8392695719498	66.0385321119548	70.7006129525302	65.8192214464368	69.6179253631467	66.3551733609353	71.1208161539989	65.2407739611106	70.8719280288364	66.273340607425	70.6306147340024	65.5815612756058	70.4179174516739	66.0529322075406	71.2744960750062	65.3107863464619	70.289453052304	65.6978635046355
Squaliformes	Somniosidae	Cretascymnus	Cretascymnus_quimbalaensis	69.4358516898659	68.1277550962095	71.3146953730467	69.627189160499	83.8827816680732	82.2647258241266	68.6870478481057	67.5034388161407	68.2582426656833	66.9874509755819	78.7204316953647	76.0151097917187	79.7430320516923	77.0265070899386	78.2299502743487	75.0633973291398	67.9528411354574	66.8820507211132	79.9506643322054	76.7475098332761	77.5713293053938	74.6103562207896	80.4610988996253	78.3370774624221	83.6732355974297	82.2544849968655	67.9161799992495	66.444677557527	74.7045681572682	72.9837253934401	74.2985117396557	72.7121503520331	79.8590019576184	76.9628281331382	75.0152870910567	72.8437175019285	69.4617491924952	67.7928978477405	83.3372304867531	82.114431099349
Squaliformes	Somniosidae	Cretascymnus	Cretascymnus_westfalicus	83.3894465303142	73.2461250739196	83.5516371551828	72.0983518084041	84.0065226794	72.0294789256668	84.7252670121891	70.9340925659184	84.5354550789354	72.8722118207934	82.7139602268243	71.5046177160766	83.449904192959	71.0899686671404	84.6650222003733	72.3279385688287	82.8827095918644	72.74463901691	83.5146674714567	73.9416563734793	84.9882246108463	71.2384542486098	84.6080579586521	73.0658881347404	83.0201266031867	72.0148092092637	84.1929623804716	72.2132817807376	84.9879992051315	71.5873734983494	84.7634176741449	72.202189733143	84.935558593687	73.1271155913728	83.5673736083738	71.3002585093176	84.312408951397	72.6765943968732	83.0635134331881	71.6933909152051
Squaliformes	Dalatiidae	Dalatias	Dalatias_bassanii	5.8252472455356	2.96840318011838	6.02947091554165	3.37959137005347	5.86230403552426	2.84661176064869	5.92137532296347	2.96734473852581	5.99535498012154	3.3550189373897	5.70177305922672	2.99757960511767	5.91234769486887	3.981930982645	5.9818200781824	3.56403783891204	5.97958362168356	2.8368682078676	6.00709882189858	3.5032788822544	5.92714726038223	3.90425629269637	5.99094192486628	3.91808130891651	6.20821055048793	4.08731715969007	6.31249686710369	4.10246007708863	6.03381248782793	3.51959993687217	5.91277658746806	3.39892923086205	5.97854048142235	3.02551797918782	6.03430835517362	3.75618197935447	6.01987227561192	4.00444047343896	5.7171700038566	2.83188482077022
Squaliformes	Dalatiidae	Dalatias	Dalatias_licha	22.6858220841135	0	19.5939534070538	0	20.0790992178181	0	20.7350720535994	0	20.3156605292127	0	20.4475574011762	0	19.2689792347956	0	21.260703652893	0	20.9094476437036	0	19.8699053990443	0	21.7796526069042	0	20.2723273403709	0	23.3225062955138	0	24.2392011976325	0	23.9678340218383	0	19.9513133889969	0	23.5480413284006	0	21.4055595007685	0	22.2748043015363	0	23.4729637342469	0
Squaliformes	Dalatiidae	Dalatias	Dalatias_orientalis	15.052806872248	13.2389602212671	13.944664585111	11.9048971873098	12.9557690140258	11.2258465841241	14.8598602083845	13.1638779769788	14.4694045971822	12.4114991172745	16.1060372407616	14.1305967675867	13.4508120717016	11.4490301269586	16.285690479816	13.9220207743385	15.1499813392854	12.837617622689	13.600321246578	11.4068162966038	15.9758785938552	13.6276922892135	14.7415080709755	12.6929060841896	13.3384422749871	11.442122454174	14.6119458915357	12.879495960909	16.6249139731951	14.3466085710509	14.7862762540812	12.3649334625216	16.0049104729903	13.8594992688342	13.5762616888152	11.4864188211595	16.1329602775582	13.9488125030371	13.719429164698	11.706808977141
Squaliformes	Dalatiidae	Dalatias	Dalatias_turkmenicus	57.2513307008189	55.1332745647611	57.3704630115764	54.586291210221	59.4926702485329	57.3712235022813	58.8193249373774	57.1812185149937	59.001941461405	57.2084394168222	59.4228780932878	57.3860050996675	58.0890858127306	55.5125074433617	59.4628193684523	57.9658278088733	59.0418192572164	57.6332061582604	58.6680749039636	57.0376950671773	58.2657895535726	56.1248379765786	59.4522430474818	57.7972596760983	58.4640126314828	56.7109129483722	57.6621473467256	55.842498491388	59.1741977100101	57.6891846817287	57.8784757549662	55.0865581049633	58.5165543185726	56.0153232277371	59.2900207880144	57.8862292557322	59.2740837648424	57.9639734033544	58.7029467129774	56.2903716555687
Squaliformes	Centrophoridae	Deania	Deania_angoumeensis	45.6763557830962	41.389819069055	44.1696996544417	42.294913021513	44.9451464417196	42.1665145452486	45.2674301778609	42.4024575429947	44.1927506876365	42.2542413148319	45.2552356712446	41.6243747004092	45.8690500357954	41.583845187195	45.3285146359416	42.0592307809103	45.3767898591182	42.2904887897103	45.1517673294004	42.0711750051832	44.7535638889954	41.9481446934077	44.7751573483947	41.5439659261354	45.4348381731861	42.4558609656309	45.1026117803672	42.5820264877325	44.8270220534471	41.9863066357032	44.6515281643126	41.748484429308	45.2051047695102	41.2965277795492	45.3379973980991	42.3778772367881	45.6516576531184	42.112972778352	44.222534637044	42.3212914124302
Squaliformes	Centrophoridae	Deania	Deania_calcea	21.3915490426684	0	20.9058035777047	0	19.3733379976044	0	19.3350635690976	0	19.6073972902365	0	18.8663176407231	0	18.5142393799704	0	18.8562868436332	0	21.9818587298427	0	19.8964758959407	0	17.9928019745579	0	18.850691132238	0	20.7859706569119	0	21.2722310977372	0	18.664381658905	0	19.1606912547436	0	21.3231891741485	0	19.4560697767165	0	18.5265091170403	0	17.9162551872832	0
Squaliformes	Centrophoridae	Deania	Deania_radicans	20.936711805266	18.6423874371224	20.9283829844239	19.2270803442875	20.948580229654	18.6159828419297	19.8723420675287	17.0026789806305	21.054861514418	19.2217546190015	18.6148812204276	16.3425145697705	18.7561157307209	16.7590147298272	20.9037668159873	18.9311837132895	18.3093067857751	15.1475624258385	17.3800801855136	14.5972578626527	18.6235239450759	16.1446297525298	18.8443688537164	15.6724542994769	17.1678999340159	14.8409446290912	20.093765766431	17.8413247401778	18.8702226482117	16.3417646382617	17.7916619312675	15.735670663907	21.0995294252155	19.2704511275256	20.8345183724373	18.2933010444301	19.9781202061395	17.3116064689109	17.171258862645	15.0260257691117
Squaliformes	Dalatiidae	Dracipinna	Dracipinna_bracheri	27.1390469525814	20.3549161082151	28.5759740863188	21.1211814002555	25.4994892128414	21.4594724014826	29.6307307889641	21.1197786442459	29.2718275402633	20.6807259627178	29.4857071948138	18.6671377595895	28.7803219660691	19.4061782060501	30.1021847384433	18.8493462478652	29.2080278261245	19.8890498105535	27.6301294759855	20.6759895598224	27.7481553024274	21.5935444766925	29.3250047417817	20.0472888565166	29.1972099317848	20.1638489337519	28.245581499523	20.0298046949377	29.1438570832507	21.0900304191333	25.6844490852233	20.1824534135329	27.5200599769809	20.2009780049114	27.7011693617073	19.8794958664903	27.5373484367894	19.4041964694161	28.6092135653346	21.2029030277597
Squaliformes	Dalatiidae	Eodalatias	Eodalatias_austrinalis	53.0884561328335	48.5279593148406	53.9603128545292	47.1241944302458	52.7516567832538	48.4551902283363	54.6542120591281	47.619253037569	54.3832470926086	46.8956134788129	53.386434557301	48.7053938036588	53.2005399811644	49.68673036655	53.0162529593825	48.3074960846886	54.1270281409908	48.6947862436881	54.2246521396653	47.7133911258047	53.8107629149169	46.5938751880492	53.6890406451848	47.6899585159312	54.0814905685061	47.8466890027596	54.1897280061734	47.4006810540808	53.6885757759494	46.9372717738056	53.3260092688394	45.8764145919936	53.5493641021894	46.3978621990233	53.9444079032206	47.2223327135974	53.5283549973565	47.2409292521386	53.0321865960182	48.3218671406808
Squaliformes	Dalatiidae	Eodalatias	Eodalatias_crenulatus	58.6076869507322	53.74456059752	60.0851863616526	46.5565443774475	58.7296833249164	45.4001913199729	57.8571598056061	49.7540512780402	58.1426390902335	45.2692163317202	58.720603889998	51.3441102536042	59.0387327533885	51.3243922900766	57.8611031037229	51.3756534811594	57.3945834684779	49.2475355569232	59.009535451765	52.0924471464969	57.6570500162317	48.3819516981705	60.0115098753987	46.121134434041	57.8058605628641	47.6667704588377	57.2076784486211	46.7513335699743	58.7724827184406	49.0976574711834	60.1482993082265	53.3430038437435	57.1501066917946	50.2823409780693	59.4798355896022	53.886695905129	57.5579223260765	44.405778891082	60.0289051660691	46.1751095053524
Squaliformes	Etmopteridae	Eoetmopterus	Eoetmopterus_davidi	70.3400573059152	65.8635218844918	69.8039447426619	68.1525131117709	70.8505594743539	68.6571667775526	70.6110742018532	66.9507411946287	70.2994683734833	68.3871080137185	68.9250199491325	66.6005434490607	71.1701215121876	68.7635917146705	70.2766967635834	65.315756958324	69.890590009266	67.1306942807884	70.6101978677147	66.4729302267066	71.1509998702264	67.5824235364752	71.0928129529581	65.1153740738593	69.4447039969982	67.918203780939	66.8141817491109	65.4738960846755	69.8720565618122	65.9101002752717	70.7727939233392	66.0604277863401	71.0034094502727	68.1830158284592	69.9150572784399	67.6346440427925	70.5823234547182	67.3755223936568	70.4002234357244	66.7553887766207
Squaliformes	Etmopteridae	Eoetmopterus	Eoetmopterus_supracretaceus	83.5054497591789	70.0840388862112	84.5138396370854	69.3032579541125	82.1068821074458	70.372152733887	83.9551135573257	69.341723631325	84.4645314304437	69.4151625544424	83.7212896175037	69.869580540688	84.765813653026	70.6067145866736	82.8972466661646	70.3225420978255	84.1224207053584	69.4100847935716	84.7401305658163	69.139610186184	84.9139876224756	69.6426317879043	83.2653846101858	69.4131764412767	83.511039945872	69.4412741832812	84.1593102082846	69.381295485805	84.4663834740512	69.9049435645261	82.667662729129	70.8872573090271	84.6154064111363	70.9584491459812	84.6789515928432	69.206391377142	83.9528635412703	69.6709512698541	84.256940024755	70.2629049033867
Squaliformes	Dalatiidae	Eosqualiolus	Eosqualiolus_aturensis	45.9585200549675	39.8758833352924	45.5484780212531	42.3594738386257	45.2424023846613	42.0779460985973	44.9706300460942	41.8232766087096	44.6030248008152	42.3228084122258	45.4123928624547	40.2504871110049	45.8647690771972	40.4337939492413	44.9951262101816	41.0893874839822	45.5075929747765	40.0176764219181	47.9802642232097	41.9090582275826	45.2778635997985	39.6824530225661	45.4037076609303	41.2973764156075	46.3103889545805	41.6543815540789	47.9992633043801	41.7641450503521	45.0129550099281	41.3295819855633	45.549995387634	42.0186153071688	47.7628377438566	40.9798646834457	46.3999760638282	41.4388161231654	47.4726162474125	41.3661355205128	44.7600243032458	41.3107552177575
Squaliformes	Dalatiidae	Eosqualiolus	Eosqualiolus_skrovinai	18.1351800572646	15.0980322426177	21.2105303993526	19.593084065182	18.418050705389	15.3401366360362	20.2660245577275	17.4982180588765	19.5656274997885	16.895729468238	18.6597373646572	16.5649459061245	17.9969091810142	15.9498088138251	18.9941930349984	15.9895203476836	19.2901876708079	16.2544785255021	18.7865272737582	15.8235735481441	18.7838663473914	16.2760369741972	20.3966421314192	17.5376861169664	19.2966608918513	16.8447160687568	18.0040547020997	15.4180600480473	18.9904345103877	16.399260843013	17.8086466726088	15.6006457496899	18.209977366353	14.8691154690891	17.1902929131203	14.6976992374633	20.4060888391582	17.8434499291858	16.9025297218656	14.8861406159842
Squaliformes	Etmopteridae	Etmopterus	Etmopterus_acutidens	31.1021571693916	17.3549337471123	28.3893267042453	15.0663977299008	27.8403573870728	16.2051429467662	30.6033422695707	21.3392622317045	26.908817988938	17.5337959302943	28.9347122844833	21.0289228777469	33.7811155368958	20.0402042059356	30.584634689747	20.5030032074325	29.5765118793909	18.0448995154869	34.215056657589	14.688016102967	26.466157855489	15.8907357607169	32.3944174596238	18.4585043281873	28.208889691282	16.2255589766494	26.353121783874	20.6538770475527	30.8114678127563	19.3046852071942	30.7826988122451	16.2311046738244	30.2168889499675	20.6153407704567	25.1518622075838	19.1608243741539	33.8790501803135	16.0504072937778	27.9806309011715	21.1806694676981
Squaliformes	Etmopteridae	Etmopterus	Etmopterus_cahuzaci	45.9465576743496	41.3372870296478	44.8861451275561	42.8080470834708	44.4589461213561	41.9227017566528	45.1612036258316	42.3523563476915	44.4494406050194	42.5276499607994	45.5347100686191	41.8928312518628	45.9199839487748	41.4671292111245	45.0942088004133	41.8415773423568	45.1904614909346	42.0174869966014	45.163628383573	42.0012940612425	45.176872501548	42.3199003866212	45.4146084341009	42.0870832459807	45.4574823968641	42.2895058863271	44.8456886887625	42.334430467423	44.7209087844849	42.0994178075096	45.1687024862938	42.1780972542846	45.6754612577728	41.9713876979149	44.7671288566804	41.6140820883482	45.3691376988127	41.9532441128924	44.1895099423883	42.1498189022238
Squaliformes	Etmopteridae	Etmopterus	Etmopterus_ledouxi-n-nud	15.7385106754389	13.9209078077251	16.8159100430886	14.3854599433334	17.5125842222114	14.6835719472138	15.3463251507212	13.5850148370227	15.4913373727792	13.3120497043105	16.8338318491905	14.7218878516019	15.3938157377679	13.146748089658	16.9989541424207	14.2678258898888	16.607201206055	14.1541300997427	16.9704692738179	14.3170874950795	16.0284670851933	13.766609002118	15.5030385523418	13.582443009312	16.544929239888	14.3848857310825	15.0029637065199	13.1469834446167	16.0534883969585	13.8029928938929	15.6565510361601	13.5283284889524	15.5057546221924	13.3722554199493	16.1589280726128	14.1763813273747	15.4052332242422	13.2589669635553	16.5975286072793	14.5155618902434
Squaliformes	Dalatiidae	Hessinodon	Hessinodon_wardi	77.8529881821382	74.5410754976295	74.7450902037649	72.8784781773459	74.8814205858346	73.2281150622724	77.5588219547594	74.4341768923827	75.1338165516702	73.6159864238182	75.7047830503164	73.8601279265653	75.849882770515	73.9616640743807	74.1709933018585	72.5099601090832	75.1074239458115	72.5464836476397	76.2886692593188	74.170873740832	75.6600422877115	73.6278306331622	75.5615395112986	72.5499071192757	75.4132645068566	73.8937485076067	73.8981260638703	71.9383392093334	74.9178850162833	73.1283379434083	76.1483497143123	74.1756542124155	73.2987150999688	71.8265608841512	74.2880730729698	72.0847024568104	77.0709741643597	74.2560726166641	74.9008592517942	73.2854498101631
Squaliformes	Etmopteridae	Incognitorapax	Incognitorapax_fernsebneri	68.3772481881231	64.5164959926459	67.5749631675996	63.7304078803132	67.823504107463	63.464657230496	68.0350372720477	64.2208590270383	70.1893330894559	60.3757474474709	70.1306795748991	62.7776736442942	70.5139765912427	64.6658067152413	70.9408543988242	63.4448279518733	69.4371215197618	64.7104814294997	71.2921383194464	64.2746689459015	70.1874271496761	64.33170124172	70.8444657323096	64.3790146892793	68.4770959952565	62.3994235646119	67.2004942730005	63.0311137859568	68.4254877952099	61.1488224985423	68.0982868498888	61.7452495305688	69.7801986358839	61.6076240842173	71.382366695792	60.5620804728698	70.5756124590515	64.3904457164396	69.010573541978	64.9671816264063
Squaliformes	Etmopteridae	Incognitorapax	Incognitorapax_sp.-nov.	82.9488621150638	81.1300998398956	84.2010290746627	82.7222569311292	84.1327876807922	82.6328522871933	82.5314226302141	80.8158798970585	82.5239097222416	80.8412706162906	82.2294484599734	80.4504609392234	82.4329411301605	80.6919680663378	83.8612976000011	82.2070923997887	83.8841240926226	82.3913363272146	82.8289623145182	81.1768952376908	84.3804510575735	82.3326804357323	83.8024371167741	81.8848227994254	84.2860851190875	82.9651070158051	81.9744487446229	80.6186131010057	84.3361764890113	82.465982617829	82.6234514048761	81.0990662960844	84.184990357848	82.3596774038485	84.0852941635035	82.2093860290829	82.9442668271169	81.2807927671507	82.3527495580416	81.1580592602054
Squaliformes	Dalatiidae	Isistius	Isistius_exiguus	8.33971244955547	6.36171744839106	8.17866202291334	6.23186198091215	61.5685431190834	60.5015970229758	32.8550233019797	32.2478905723179	44.5924734435329	42.5033449112813	64.7157430226277	63.5181764436428	5.88944258743075	3.22547713375151	7.28915204018085	4.99111639001481	49.1883448922692	46.0698675008447	45.3825511232926	42.3274156358014	23.9286625932625	22.0981965447063	1.0779724042717	0.0517182054523081	48.2139133503085	45.132464002388	65.6521819926849	64.1645283603255	7.17172803923027	4.74133842973011	63.4972971738083	62.442676516108	35.9220180817463	34.9745302192607	55.8329745401813	54.2488708107742	26.2063127174725	24.6681670040324	62.7848315320154	61.5385310122204
Squaliformes	Dalatiidae	Isistius	Isistius_triangulus	21.0707339290002	2.75023293787206	20.3727200705754	1.83405079077788	21.056578757684	2.26784578038108	20.862587650395	3.92795601624342	21.4371794894553	3.29661349457873	20.7379115329879	3.57768442316057	20.8281874044821	3.34824061044508	21.0242044170179	2.03059798998149	20.4950537362573	2.44629568309604	21.2592483921372	1.81726926032232	21.0081250832833	2.84723156871681	20.7910414764711	2.29846324885541	20.9552796090319	4.02598757121356	20.865591941311	2.39228649781938	19.3991507081639	2.19567351272339	20.2490208650432	3.3157553978024	20.3091754641341	3.63962404325342	21.3745773019206	2.94023543027702	21.1481960875106	3.40532377397502	20.9786821123441	3.37271461874398
Squaliformes	Dalatiidae	Isistius	Isistius_trituratus	57.8542843148314	34.6538504445071	59.3811775641193	34.8439802970006	59.610227095036	34.14460235099	56.8187827137664	35.9663819058126	57.9925196151849	34.871384956972	58.0393427647446	33.7341181080712	59.1041814482794	34.7365397072042	57.0883514586301	36.0893615491993	56.8402307692008	36.1640650973403	57.6981701416261	36.9227805185567	58.3858894860637	34.1522226584864	57.5305875987698	34.1009904122895	58.0750526326396	35.7360335899193	57.3846966779625	36.6766770080365	56.8296422063777	34.2627299924055	59.6539307080009	33.6914251375331	58.0369003050356	34.1730868259538	58.3647799363675	33.4871982620993	57.1398287263169	35.1222724818617	58.8622745291656	36.7538449846452
Squaliformes	Squalidae	Megasqualus	Megasqualus_orpiensis	65.3616983525088	44.7482799862016	62.919072103386	48.31803559203	65.088617311141	45.3419554797853	62.8612086890546	47.7788615730616	65.8312867254262	46.2846987507349	63.4637874712777	47.2688385902687	64.4023408953584	52.9570155762005	66.9091287410292	46.8242668312689	64.2536482636908	52.7192711553868	67.0335062170496	47.0291190088975	66.5650193612149	45.6827827363552	66.1903212101617	46.2666691820337	65.6406723293174	46.0008364948666	66.7462960380361	45.3055857659737	66.2947269473183	45.2185364569881	64.107671166701	50.4111996680491	63.026207324726	47.5981677566649	63.3178491823619	50.6527581651805	65.3170721850243	44.7457964477006	66.943896148082	49.6225303646459
Squaliformes	Etmopteridae	Microetmopterus	Microetmopterus_wardi	71.402557369573	69.802114168172	69.1990000043769	68.1239385784076	69.6251006141274	68.0678322171531	68.4014190118481	67.3236071671361	70.4475749106277	69.155022196958	68.6791926565291	67.1486441747069	72.7506984792954	70.9456638118468	71.4944368599463	69.9763384702887	70.7127219802906	69.451405646138	67.171190764277	65.8919367410283	68.4999745281515	67.1902276394946	67.554621914703	66.3083855391105	69.3868405955371	68.0422326199758	71.5785052605221	69.8264272837415	68.7293519182385	67.4194708577717	71.9460995877306	70.3353615900048	67.2504400163449	65.7576638104726	70.6175489531014	69.0930219689134	69.0552113874681	67.4947363345766	72.4045202275919	70.7949180336911
Squaliformes	Dalatiidae	Oligodalatias	Oligodalatias_jordani	31.5168089499959	28.3310575563972	34.0337569655567	27.105716711563	33.141151899538	29.7750884532236	30.7314007787833	26.8946644048684	33.525318427881	28.9132667411213	34.3460804700389	26.4388324820053	32.9430051490072	29.6154166237363	33.1639144043285	26.5678388918289	32.1051234565188	27.0709479286621	34.565967703011	28.8794999312948	34.4708175932953	32.4593507264183	30.3453805322571	27.1674118669425	30.9331552429865	28.7791552001625	33.0409510664715	29.6220369514279	32.5463256704075	27.3987429879301	32.6916836330394	26.2862560574144	31.1408229193859	27.0897721378008	31.8311466969697	29.6552430357962	34.4803718374147	32.5656225483889	32.398699950214	29.1488505831527
Squaliformes	Oxynotidae	Oxynotus	Oxynotus_centrina	6.22901178141208	0	6.63762669475351	0	6.6671335561693	0	6.08515688843557	0	6.48763056386161	0	6.53755131899491	0	6.55361336572423	0	6.36447266264287	0	6.68351471069909	0	6.67772576415986	0	6.46926510139927	0	6.51384781225617	0	6.55724022247228	0	6.24260636807642	0	6.2190059886872	0	6.35913060498271	0	6.6829898128821	0	6.28389180205794	0	6.51618483083936	0	6.38710993915725	0
Squaliformes	Oxynotidae	Oxynotus	Oxynotus_crochardi	22.566882270435	19.9386887644506	23.5542668600303	21.8260265057883	23.5620994876515	21.6564213819729	22.9908929470471	21.6220927504664	22.0499623504625	20.1603212830547	21.6706113136546	19.5790898143309	23.9910116912408	21.5794916376373	21.3751880441277	19.5436959788391	21.5391966857876	19.7168715735202	23.7737434259897	21.4397431523983	21.8116491292831	20.0196823399716	22.0936211582727	20.6408468756456	23.0810858314903	20.9563422451924	23.6387254958195	21.6405036295707	23.6776657598367	21.6823129053713	21.5936815686995	19.7121570318032	22.3416528407858	20.6499720331215	23.9846751544607	21.8328604341785	24.021642092257	21.3606081792951	22.2531964480175	20.5200812242866
Squaliformes	Etmopteridae	Paraetmopterus	Paraetmopterus_horvathi	23.0561743035019	11.3992944258838	23.4141185955501	12.0715815500553	23.9408795122868	12.1197771689661	22.3351423493678	12.1541709577479	22.4355329327191	11.9978496793406	23.4408682084311	11.0718310499636	23.7120098402445	12.2925039946315	23.158793445305	10.7567502165135	22.2983347625098	12.4034880501399	22.5996376655031	11.2693326640746	22.4337129887179	12.0821740233402	22.5589683074738	11.5009170936961	21.8544885838059	11.02071161034	24.1146966485022	11.1992843181542	23.4573843745801	12.1184796666042	24.2520913598869	10.9682075530105	22.1987249498997	10.8571708970298	23.5790716411422	12.5899578143204	24.3955519968814	12.3786981537708	24.2800816656987	11.1690382296648
Squaliformes	Etmopteridae	Paraetmopterus	Paraetmopterus_nolfi	48.9272488675111	39.0198206111114	50.0240269230024	40.2117189695424	49.5244113339755	39.0256638698318	48.5562334366687	39.2911731115014	50.6046895901798	37.6399084828233	48.8222589030206	38.298879203356	48.88876059655	39.0909579571927	49.8302760564358	37.6886982434412	49.5566668143311	37.5301885886459	48.6022950123071	38.3508159497172	49.2084286323482	39.5541724713597	48.6127950283889	39.1600003866648	49.1557921298829	37.320205684518	49.582536251747	39.8172474938246	49.0631539797539	37.6041506949313	49.6188543050358	38.5604872627881	49.0894724493848	39.659553469024	48.5329088200219	38.9913161331217	49.5218063727096	37.2146685604546	50.0454084235835	40.3777079745913
Squaliformes	Etmopteridae	Proetmopterus	Proetmopterus_hemmooriensis	77.6246372126577	65.8852452603687	76.8908576817383	66.4237218534434	75.7759489037139	65.9786388709502	77.9553958086071	65.2067063688743	77.8292636706044	67.0747491507044	75.5918387852162	65.5320029825631	76.4393365757729	65.6697566584934	74.4544993137877	66.4233014443792	77.2552987238983	65.99974113955	76.3963021936557	66.7624152814259	74.9425931341356	67.7582658246857	77.432377360293	67.7777970464733	75.4024221355478	66.2937062682761	76.2297304516462	65.5103223276748	76.5301195028456	65.5997068170141	73.8313943628109	67.0313359772676	77.9585934029756	65.2005152435304	74.8532043339396	65.8139871470394	77.5083980791469	65.64395290562	76.7159422900918	67.4215475273701
Squaliformes	Etmopteridae	Proetmopterus	Proetmopterus_lukasi	67.5453272063489	65.9126192950389	66.9668049511073	65.934212757335	71.2344155652468	66.1483585050065	69.1039348415821	67.0718651022985	70.3132825036765	68.4370331781956	68.3831798293555	66.0066992454859	69.4354180782283	66.0108946734161	68.1505771064125	66.6689119170889	69.3131837189933	65.3904127044922	68.1708376480795	65.7263221024964	71.2005316078595	66.6100155205895	71.9255759151465	66.8646765692476	69.9193476362747	66.9162636718962	70.6943555944034	67.1332153365616	68.0922715344816	65.4942156141672	70.81449505393	66.5062378414289	70.6143614524484	67.7666733683074	68.2515281452501	66.7155862256748	70.6353030659551	65.7726948452255	69.5273625143316	65.6827273885093
Squaliformes	Centrophoridae	Protocentrophorus	Protocentrophorus_balticus	97.1521256302251	94.5512912856905	96.3648027686001	94.6914168369873	95.1469594159207	94.4670843631683	94.3792815233985	93.8579026930799	94.9450444574033	94.4811134037293	96.2093341078609	94.6193891390012	94.5474122075482	94.211437627829	94.2846625212827	93.8066719607857	94.9566313297547	94.2634126744177	95.2004722774207	94.6894775062034	94.4854350356999	93.9968120635932	96.2165625598991	94.6617374922749	96.1862300937123	94.5896881613602	95.0697502938155	94.7592333532409	94.7722202867935	94.3360610707098	94.6038246301072	94.1159219210334	94.8879412677145	94.5140885169326	94.22998821974	93.7225857633509	95.3428094299831	94.6609429311239	94.7243320377695	94.4817043306733
Squaliformes	Centrophoridae	Protocentrophorus	Protocentrophorus_steviae	73.7594388868398	66.0161331744117	77.2106132844764	74.302211856601	74.3239224149986	65.4145197126299	82.3837336028403	73.1582108322691	75.4487599534936	73.1083218813389	77.0548285477021	70.2520370948262	75.2179304125924	65.7646860176836	76.0962869252411	69.6930973242124	74.7980135716373	71.2155329295816	84.476054042053	73.5105824406126	78.5715858127475	72.6280507643753	76.9561610079812	68.5560793871126	84.0411104759427	72.7542450536929	80.9479308337639	70.8041585755405	74.3704002188892	71.7529331312095	78.7264638465078	74.3016456971275	78.0803483114303	74.3815455392716	77.0040901039688	68.0907020551928	74.6134394502198	69.0796155297611	75.3377969363496	65.7280814445364
Squaliformes	Squalidae	Protosqualus	Protosqualus_albertsi	127.541506897927	126.137186091224	131.206609209727	129.712676659544	129.050514257749	127.661804727908	126.873772257414	125.62835585049	127.443091892716	126.014915207873	127.917510519274	126.529994100575	131.017383564028	129.602686454063	129.00180442843	127.610585017642	127.116787945852	125.686048432899	127.881984434132	126.53487707083	128.311136492974	126.881049754975	127.888054574602	126.300718286215	130.517358896456	128.9994576834	130.480024321636	129.211875695254	130.508625572168	129.000621222708	128.076501302611	126.911759728842	130.302832683598	128.927740836365	130.151916777207	128.66434909826	128.316071664617	126.796302408389	127.650647454548	126.4124286263
Squaliformes	Squalidae	Protosqualus	Protosqualus_barringtonensis	101.213805039378	93.3828017946292	99.8565673485994	94.6769001507619	99.5430787434992	93.7393245474878	100.613801754852	94.2857316084802	100.973043387764	94.6508433093853	99.7140744808494	93.9002510055008	100.479651483203	94.4285871910248	98.5417537560349	93.9510021728832	100.606154212562	93.3861242426554	100.263233711832	94.070050511412	100.966552603613	93.6719209541859	101.447034731773	94.5517563119004	100.543951584566	93.4673881341581	101.375616235637	94.356335118906	99.6342673853358	93.7750219734065	101.3973788563	94.2372098654007	101.939246257927	94.4257375780215	100.930853562493	94.3752494311037	101.940904420048	93.5342288297863	101.32066195249	94.8021332870007
Squaliformes	Squalidae	Protosqualus	Protosqualus_glickmani	102.242552273626	93.7399070712915	106.641494084714	93.4392484034005	105.862110322513	93.4665662618448	102.846663726631	93.4731034953383	103.368576428029	94.4520148619655	104.094894551075	93.3564847759172	105.925048135398	94.0519578964516	108.747006923822	93.931652488096	108.119372701083	93.6603050249613	101.773917054576	94.6861152546825	109.165869944947	93.4814479863032	108.060128832373	93.5316473026722	106.68845067835	93.7331609873576	107.675035953555	94.7667233352275	107.813066017439	94.5569170190069	101.836923665862	94.3121653920412	108.547450381713	94.288484541171	109.454532875708	93.4534789880825	104.657781368938	94.5810475113353	103.777233827188	94.5697134889362
Squaliformes	Squalidae	Protosqualus	Protosqualus_pachyrhiza	109.520014648224	98.1202240695747	110.998735596371	98.085339125055	109.434983247272	102.492163682968	111.141371696119	103.545901091849	111.064734408791	99.191271171321	109.792414829119	99.3546705599364	110.142031833145	101.277003814359	109.179754470185	105.058887509535	110.441822176438	99.3975201915944	110.396846530388	100.011355959785	109.233535707632	102.471118246195	111.161822556028	98.5779394129787	110.654703133987	98.2683623588479	109.945143271435	103.309115942037	110.431953136749	99.2701736099142	110.957576091018	106.341794827355	111.731652478482	100.726252732231	112.03194823	100.016240283861	111.420127699522	98.5979546223041	109.679336062744	104.703842689221
Squaliformes	Squalidae	Protosqualus	Protosqualus_sigei	113.887490749221	94.5301838560617	113.312605951937	94.7002139500336	111.828069834663	94.7925963769256	111.786166150789	94.9136645645324	113.61729360727	94.7700633981126	113.984606042537	94.6980537914122	113.731407493207	94.7706722546396	112.088472778452	94.665111866128	111.668516903001	94.7286364238593	113.554299591611	94.7617653593633	113.79724467826	94.7578239833863	112.369017420186	94.7178537398796	111.766947646332	94.7528837992894	111.772279395593	94.8970759952583	113.580698081827	94.7416849493269	112.164728179374	94.7029433558313	113.239593507808	94.8140518394245	114.132999311431	94.6402828965304	114.132424214925	94.7736207350279	113.918250194975	94.9453057954328
Squaliformes	Somniosidae	Protoxynotus	Protoxynotus_mayrmelnhofi	69.9348168992081	68.5681503652992	69.4289585942442	68.2734404708557	70.1839955138733	68.6369261365989	66.6969880354648	65.6547527638311	67.1425507477292	66.0039453351874	68.4405431974095	66.8097398085512	67.2768741201819	65.535798823559	70.3867666053843	69.0393675726583	66.8026159664524	65.8773295667168	69.6101418978894	68.2335475887521	68.8533019716782	67.4489516492413	68.8170806176933	67.5795464901639	69.4416774929916	68.0866058648276	68.8980633421347	67.4776528125262	67.8203446154145	66.458357757369	70.6625801287923	69.0704015321803	68.2995894772996	66.6726672628296	71.0463221001278	69.2797466898487	68.0494969854322	66.4835761557895	70.1093484488119	68.3398457907041
Squaliformes	Somniosidae	Protoxynotus	Protoxynotus_misburgensis	92.2563138360934	72.2339336526239	90.844865663215	71.6037849675349	91.2163173899569	73.0357741541734	90.823384385296	72.7633581485609	91.5185005075081	73.9371491274903	90.764970770368	72.9831022158435	90.2904639919167	70.9449915357327	91.0210382822312	73.7774712861042	91.9541644683299	72.289773256128	90.8613508492281	72.1848914030612	90.8902956157241	71.9355607749404	91.0990002252204	70.6720163218981	91.1861899799907	73.8083089639691	90.2647950117875	71.2103773426901	90.4350537145366	73.0693929782785	91.7456300271768	73.0621899352205	90.3603451458257	73.9525588169807	91.2180240349583	71.1082995419918	91.1805229637665	71.9110414658539	90.3601564522727	73.9905808188479
Squaliformes	Somniosidae	Rhinoscymnus	Rhinoscymnus_clarki	73.5278139182809	71.9654574652794	75.4694186696844	73.6419102670539	73.1777938488807	71.5046626375052	75.3171121899549	72.4421101560918	73.3288114911017	71.8616166772569	77.3571926334628	74.6386465684191	73.6057125816189	71.7914307983931	73.1442027900535	71.6371130906811	77.2416576998467	74.4778480513597	73.7162591674478	71.9607691279542	74.24240944337	72.0893901728788	74.1180211998439	71.0311743239038	72.9567757901786	71.3226370972519	76.5380958235374	74.055027204102	77.1720603110213	74.2408770321559	75.6348286697671	74.027620335265	73.5371807039692	72.0650220546443	77.5427149937618	74.914486176972	77.3801019123178	74.488715600825	73.8072807342709	72.1221907947716
Squaliformes	Somniosidae	Rhinoscymnus	Rhinoscymnus_rostratus	5.98613636071963	0	6.14483537015132	0	5.94035768021198	0	6.54710533656862	0	6.1688550654617	0	6.23106278145088	0	6.23052646490467	0	6.1068679064673	0	6.17527085817898	0	6.17073641937989	0	6.23351481623356	0	6.119900071306	0	6.13968079211531	0	6.06152599301084	0	6.15032949596376	0	5.91916259849568	0	6.23227374115551	0	6.14816282590382	0	6.18305980312388	0	6.65599032411235	0
Squaliformes	Somniosidae	Rhinoscymnus	Rhinoscymnus_viridiadamas	28.4396870817867	27.0744357146122	25.9550162744692	24.3463036035896	26.9439459613745	25.5924700389391	28.7060886765121	25.621469754787	27.7076188709493	26.0955532893855	25.8796333821372	23.8978816071295	26.167360967095	24.554110786067	28.2205346869235	25.225349602887	24.1560072324332	22.5250616410214	27.5459952314092	26.0102340411858	25.5093391371378	23.8594319716382	27.7683185028537	25.6774579404045	25.4128703214965	23.3427607724382	24.1546771893712	22.0942179757297	24.4280974430609	22.5341382838372	27.6401787509143	25.0651595441303	25.1164231890173	23.4872867395747	26.1049819703093	24.6725253483291	27.6832218361448	26.0551878592014	27.7035551971113	26.3889113694481
Squaliformes	Somniosidae	Scymnodalatias	Scymnodalatias_cigalafulgosii	45.4773038469403	41.0181511778898	44.5737642758745	42.554936455556	45.1796451570715	42.5154994805383	45.1006539306875	42.4031233544712	44.6428729277179	42.4568447132883	45.3788817908605	41.7814637020017	45.7487196334603	41.3804561087729	45.0561558541808	41.9653941751549	45.0508390461842	42.2083832986332	45.1320175812198	42.0925917407886	44.8591103261307	42.0240371287842	45.0103342600972	41.7792226806929	45.2238986417318	42.260749546079	44.5355263257829	42.3525272909627	45.1010204255292	42.327698952193	44.6742496751028	41.7447941339249	45.2380740036907	41.2931617369959	44.8584813835522	41.8397127607087	45.6783306868016	42.2624378731045	44.0675523722399	42.1136869411976
Squaliformes	Somniosidae	Scymnodalatias	Scymnodalatias_garricki	6.11857709126617	0	6.11447448722773	0	6.01605115767328	0	6.36911148306866	0	6.11526766291111	0	5.91921493981638	0	6.03579137703627	0	6.14083461790346	0	6.45790447981916	0	6.14905393589353	0	6.26607933257328	0	5.91817052128051	0	6.05224805340524	0	6.28869751255731	0	6.21541389713923	0	5.88529288421223	0	6.26334087939454	0	6.10076767935023	0	6.22404755337756	0	5.86942945969006	0
Squaliformes	Somniosidae	Scymnodalatias	Scymnodalatias_kazenobon	17.4204423911872	14.4723349999574	16.9537465236104	14.5373109212855	17.3675691974701	14.5809284430683	17.2225585750749	14.5787366974428	16.9422776133354	14.5000329649827	16.6206856700434	14.564584610396	16.5944492066139	14.6184658414407	17.143411263142	14.3978551474187	17.0953976173654	14.3650467937219	17.1050614584433	14.2819838180144	16.8587906041271	14.5735466634782	17.111011801915	14.4191235333187	16.9147098102019	14.4819544971798	17.0076439567321	14.644945708405	16.8664858075483	14.4788627768688	16.7841774815594	14.6851939541736	17.4768559087572	14.2390320620457	16.9025620227381	14.3738046234871	17.1039108600965	14.5540775349803	16.7338490624924	14.6266157156037
Squaliformes	Somniosidae	Scymnodon	Scymnodon_ringens	5.93435403636582	0	5.85244685153213	0	6.19186076366108	0	6.32165863920147	0	6.08463217849131	0	6.16303937770112	0	6.46567989773359	0	6.42271776499605	0	6.11761097418395	0	6.18300829088763	0	6.12116400258868	0	6.32989949356925	0	6.07765991545631	0	6.20145935684587	0	6.08953448175982	0	6.48322496398224	0	6.0231761230197	0	6.1831165575035	0	6.12181204670022	0	6.18192996700473	0
Squaliformes	Somniosidae	Somniosus	Somniosus_gonzalezi	33.2624088918033	32.5842522113546	32.0612014137896	30.7864704886221	32.0161751267271	31.1260195703406	33.6832348054515	33.1782148150898	33.9261980567875	33.0403221351897	31.6706910140194	30.3924847583295	29.5748990126601	28.084023552262	31.6441920200989	30.5505597209371	30.1332232824832	28.0337504046214	29.101697597827	27.4254141220766	33.3648540883046	32.4807514181662	32.3807285884282	31.4033071767007	34.3149951676577	33.2793402044247	31.1822188446418	30.0748974063392	30.5681803372282	28.4913176399139	32.5987740542268	31.8115294674649	30.1325528506233	28.3323052372604	30.7565963767347	29.853440483966	33.4716227384898	32.5019133914964	29.9931223426941	28.7198664245642
Squaliformes	Somniosidae	Somniosus	Somniosus_microcephalus	6.08779512530306	0	6.00915539635057	0	6.09676965245033	0	5.9562472344453	0	6.08989172448033	0	6.00997519170279	0	6.16370196872306	0	6.19757564397084	0	6.31287857949524	0	6.32873184628451	0	6.0979409444386	0	6.29788018582159	0	6.61279728003158	0	5.95499694306179	0	6.06349644806212	0	6.27602073140857	0	6.29761581640565	0	6.32781941013598	0	6.31047078487317	0	6.31037555274166	0
Squaliformes	Dalatiidae	Squaliodalatias	Squaliodalatias_goordi	63.4827934478874	59.8162714216184	64.5580616968978	59.7108326195447	65.8424929558868	54.2434434864229	63.1771387665465	52.253324670831	64.1428325774589	52.8243242593717	62.9502334245968	53.6920227657674	63.8081876495261	56.7298408074193	67.290540786416	54.1376496752664	65.6382516691342	60.8055780332365	65.8357949147938	57.5106181524918	63.0414153832321	53.0586629879409	66.1312204077872	56.1499379696617	66.1420313625317	57.239587732554	64.6221125939787	55.4299721318872	66.8176404333594	57.735874208938	65.5692639915591	59.9091077843193	63.6481389012369	60.465557690708	64.2247990438776	58.8578660592441	66.5476327374705	58.2430636194921	65.8490429391466	54.7906565640664
Squaliformes	Dalatiidae	Squaliodalatias	Squaliodalatias_savoiei	74.1187541467003	72.6280984698843	75.0446703621584	73.2627365699093	76.5085579045918	74.1718202651371	75.2791735878979	72.1567244467085	75.0212009605389	73.4862832680276	75.0340544568255	72.952902037225	73.5099448584275	71.586666117168	74.4497657854035	72.68464524165	76.2714768103369	73.9678239464095	73.2853189715523	71.6391344139454	77.4281874110037	74.5098205327502	74.4687459713744	71.3105941583043	76.7649763518415	74.1383695843995	76.2818153754241	74.1004149587645	74.3353058437487	72.5448853134156	76.1260245769665	74.1616421747494	73.7958266595203	72.4202475905771	77.1435364970045	74.5931137853195	77.3408103311516	74.5472814913583	73.9182043093609	72.1771337366342
Squaliformes	Dalatiidae	Squaliodalatias	Squaliodalatias_weltoni	49.6038903496273	38.8517476194317	49.5463662494338	38.0985845199001	48.5409624709981	40.0514188046176	49.6708198643005	39.4192337942108	50.1744159093035	39.9359196026686	49.3768505739841	38.022275583312	49.1973410940888	38.6491363992101	48.5232519121167	37.470555995682	48.7558635370494	37.5165244770614	49.5604572243928	39.2312742172963	49.3899463293883	39.5812653007619	49.8687463788742	38.7595174474412	48.3598842419201	39.7369214387941	49.9388175035743	38.5720926250883	49.2315285842765	37.6755486044492	48.9821043514973	37.9278974175595	49.1033146904062	37.6150832363329	49.3501315635904	38.8240662796896	49.8010749517993	37.9855341617757	50.0386407012614	38.5554649081702
Squaliformes	Dalatiidae	Squaliolus	Squaliolus_gasconensis	46.1984691067627	37.6245841147823	45.1593144609283	40.0141270209989	45.0762761869531	39.2310552406339	45.5437278642465	39.4519284135575	44.7728241429521	37.6880762233814	45.7757888629807	38.1198707771727	45.9795284512308	39.1864461747939	45.6653405615115	39.0866405738219	45.5510461877721	39.6553513901378	45.6774962206035	40.1081114689829	45.0225285047483	39.5022100506802	45.4184955979282	37.4602153684931	45.7922082111092	39.6217678193684	45.1042152703028	40.3613786179323	45.2066109627319	38.0751669756582	45.5959198614587	40.1569167000494	45.8378637118424	39.383752967146	45.5738253890161	37.8275666184181	45.8918515118571	39.1204555437925	44.5089161777944	40.0549262421001
Squaliformes	Dalatiidae	Squaliolus	Squaliolus_schaubi	26.0594345665279	12.2621143860612	26.7868654412245	13.0067597420955	27.0120448837841	12.2887725231092	32.1944170552634	12.2266533797744	31.3135934871904	12.7005283209005	32.9909599329716	12.6578172751338	28.3439476298553	12.2996396977737	30.9282800904474	13.7381140573177	33.4642803770691	13.0721801105197	32.7988331902003	12.5747082525312	26.943093832207	11.6785177928042	24.4596151066474	11.5936651301259	33.4095674226243	12.7087767520161	25.1868688495105	13.9966898489115	32.4642516459373	13.9794649019762	31.4851027399745	12.7901253545473	29.5312273390196	13.0536214379335	31.6167727066535	13.5948461736737	30.6228135686787	13.4596574915612	25.3494718846539	12.7720858609161
Squaliformes	Squalidae	Squalus	Squalus_acanthias	6.10654317667725	0	6.5339678818705	0	6.25857012792248	0	6.44630847506211	0	6.52519454790654	0	5.8446144471177	0	6.10148333977723	0	6.16748896274797	0	6.2155876364129	0	6.21330025388701	0	6.1045619122748	0	5.90666668978484	0	6.10925234904654	0	6.00846157684343	0	6.31481214241538	0	5.73289384149324	0	6.57941445370414	0	6.18406007228771	0	6.16602368744208	0	6.24818726542498	0
Squaliformes	Squalidae	Squalus	Squalus_almeidae	13.9929609714679	12.3756020685952	14.1869309260204	12.1259065120505	12.8934954559422	11.2128367818451	13.5829950552862	11.9502261289954	13.8132359017323	11.8699529281232	14.1767452613276	11.56606040111	13.0946543765794	11.1114264597238	15.1100212233226	12.2535001194516	14.8412379645631	12.6136598918791	15.127202097604	12.6702766101801	15.6596620418254	12.8002350581708	13.176046055176	11.4740685647185	13.1237642512939	11.3355883161003	14.0668072685726	12.3371221930059	13.6293883565432	11.4423589797551	14.167592964385	11.860406787847	13.0404132964771	11.3059136971883	14.7510497137412	12.5056023355935	13.3263620441754	11.3871635196386	14.4054901970014	12.2598186233539
Squaliformes	Squalidae	Squalus	Squalus_argentinensis	67.0107740415947	65.9419356716621	67.039734059086	66.048351027711	67.8272421827899	66.3789459308377	69.0323614369168	68.0319848352128	70.4744552382528	69.1388984917132	70.9712113334742	69.26786516065	67.1868915407199	65.4795726295163	68.997809182695	67.7208438979441	67.382578529364	66.3527557486162	68.024396470982	66.6739551421912	67.4075200639738	66.1368110637439	68.3990744518438	67.1592163976137	68.6052757380872	67.3702029857606	70.9198884333989	69.3313315742625	70.5031113257179	69.0941222504509	69.8266411155258	67.709436222559	67.815919440699	66.3144592017496	68.1213477440722	66.7248097727601	69.4424176192439	67.742447125075	70.8218478957513	69.3182621135907
Squaliformes	Squalidae	Squalus	Squalus_ballingsloevensis	74.5119933928071	69.4308697404626	74.4580368717449	67.6070963538261	74.5287769989488	70.6384207845611	76.9543342024344	66.0780991971482	77.5016271905518	70.1726471024707	75.6821022979426	65.9578987366581	78.0143957872458	67.9734874627639	77.7841150344629	69.9537262868962	77.9865509803747	69.0350266803276	74.3137698735005	70.2349537665714	76.2781838922841	68.9816795098308	76.7983147837945	67.7645313824613	75.5283636099889	70.0833391552192	74.1903776785175	67.964060948849	76.253276344988	70.081489083651	77.8508470583714	65.5019181880868	76.9075083790545	68.4217367296559	75.5266396154716	65.5172864421306	74.1583291353929	65.9138747648127	76.2324027147059	65.7339472995943
Squaliformes	Squalidae	Squalus	Squalus_balsvikensis	76.8869748541931	74.2067961654197	77.0516781985559	74.2335556073271	76.2669804992341	74.1820033617612	76.4763772502637	73.9346436446795	74.4278927895399	72.9629063615512	74.2781917139934	72.3042109186435	75.3083005655487	73.4601184340138	77.3227214710191	74.5684728825503	77.1013051448372	74.3368572485537	73.2294581740063	71.6510141024961	76.7945247724317	74.2343612430019	77.2772934997088	74.8191083528067	73.8054934630694	72.3491305857449	75.5734908839596	73.6409776427999	75.5370013152079	73.7491895346194	76.3347283651374	74.2483438468468	74.6806550156224	73.2766033372866	75.0275006948995	72.8563341559075	74.4951239128709	72.1749413701095	74.6368641310459	72.9069523312677
Squaliformes	Squalidae	Squalus	Squalus_blainvillei	6.19960340129325	0	6.69768150266685	0	6.51969829761134	0	6.25043680944045	0	6.62716496176844	0	6.03816000102656	0	6.51538925576241	0	6.2058929545299	0	6.23144539549046	0	6.4503858508554	0	5.96873388711429	0	6.3831386916783	0	6.35391763864674	0	6.50293637033054	0	6.73954845375464	0	6.70054934769041	0	6.59724002093995	0	6.45693454081283	0	6.77761436830329	0	6.56139723643838	0
Squaliformes	Squalidae	Squalus	Squalus_crenatidens	66.89330611311	46.9200928656573	66.1577264482664	48.9094806800012	66.3139058763048	49.9089869514801	65.2575391847587	46.333950252041	67.0209015748401	49.1529549023368	67.0557954901232	50.1826017711824	65.719266293858	53.6436089390782	67.0332472473977	50.050087737116	66.1664536652012	47.9867534987551	66.9930244033929	44.962947683207	67.081024475752	45.2512884368303	65.9454505597371	53.2996080440151	66.5762815759562	50.0955688377029	66.3086914796652	45.3753755683727	66.9340299781858	44.8967019162198	67.4777714424741	51.6844207191771	66.9472015690219	52.1329107195486	66.6235705553044	45.5066531908844	67.2679809572767	44.3841769429748	66.8090992195392	47.8037579348546
Squaliformes	Squalidae	Squalus	Squalus_depauwi	33.1629086888165	14.3939532488581	34.1393967550901	14.1373458565895	33.4494804878676	14.2377674472433	32.329246755795	14.5483385618304	33.234634508034	13.1155542623641	33.7654359709003	14.174913699003	33.531576930548	14.2536316485149	34.0939099708094	14.1916061485093	34.0363033171294	13.6339153114234	34.2162310419558	13.891419491854	34.1827818552803	13.1198774809069	34.366457965041	13.774347510623	34.6628089436189	12.7720850447432	34.4308965205629	14.5408703105082	33.8979791121888	13.2916626053841	32.3992927274702	14.498057065466	32.1158575908191	12.8920065351014	34.2478740986909	14.1117550570595	34.2470995944836	13.8855148492257	34.4486240179843	13.1453476715925
Squaliformes	Squalidae	Squalus	Squalus_gabrielsoni	67.248334796594	61.7509656940889	67.5123408573912	61.4848273670828	70.8199705844428	60.9835319080843	69.1732792821642	61.0969610601344	70.5485541031845	61.0855849058265	69.072475059225	61.7147489178891	68.925482867599	61.8742324957086	69.219517533799	60.9871604478046	67.2586608209998	62.6693480144286	70.3045301924889	61.356526503866	70.708753944968	61.6010457614885	67.5875796019416	61.434086055522	72.2303527012933	60.9362878707454	70.4102595740066	61.8262450319867	70.5937738575607	61.7290752502281	70.8342816846052	61.9419433080238	67.7705561086071	61.0594720196145	72.5167714050119	61.1932383258638	72.2685563216888	61.9772607748545	70.1689130807892	61.2714611892056
Squaliformes	Squalidae	Squalus	Squalus_huntensis	70.7788932348939	67.0073234930615	73.6317815377019	66.6822590418701	67.4937220573927	65.885834686975	67.5838114993337	65.9393141212516	71.9233704085436	66.7328236282934	69.3985605263217	65.9587230682332	69.2615781651662	65.2491235984738	70.2282183218157	64.9760734702637	70.0365484069867	66.8814454275505	69.3140410927476	66.9710088552689	68.9679442696617	67.3415388079631	69.179276878874	65.8651675488444	72.1317999519696	66.2312409145696	70.5478098818452	65.7408435296179	67.7481918237233	65.1495450307986	70.7302701253452	67.4500618235251	70.9996726204357	65.7075191569691	67.677672762807	66.1363848594716	69.6242931739996	65.540102195315	72.0168709291914	68.2042999143244
Squaliformes	Squalidae	Squalus	Squalus_minor	66.2024865353502	40.3641844614844	66.23854142679	44.0526479619374	66.8100322593504	41.1820992232671	65.4575999433925	42.6018055576731	66.5354721034822	40.6635577744818	62.8267562514699	40.3076362857341	63.2327561185568	39.383935385769	66.9718824001777	40.5969428636128	64.2947835100878	42.2592710100129	63.4725075846276	39.9459065471955	64.0748047640501	40.1837686771508	64.9455868727076	39.4015226372883	66.4106085779362	41.4576517400585	64.2579484648141	42.4463966567456	66.8803122898166	41.5637700414892	63.8907795477474	41.6218236059944	64.5662105365091	39.4923869588493	66.5794582176175	43.4716486507547	65.7834464730969	40.3022376872853	65.0338571029316	41.0566081415898
Squaliformes	Squalidae	Squalus	Squalus_nicholsae	74.3260313270988	72.740599931407	74.1778939342642	72.4010142374467	75.1048704633415	73.4643297760939	77.5276641645946	74.3966926655764	77.6045056235089	74.609744272798	75.8881441067248	74.04965521496	74.3871655767216	72.4353125924957	76.6510658785634	74.2488041120808	73.9530154749586	71.3236126375778	77.2938135912816	74.3379862401681	73.5121594930911	71.4681309414977	77.3601288627128	74.8151935299387	74.0198796387315	72.559445243113	76.8139202775229	74.1626721957216	74.1995407093375	72.4857034355158	77.4813698631834	74.6374549428421	75.1489706975976	73.6275789485787	76.8979150015415	74.3431309558091	77.3420654605816	74.4245475875693	77.3230895897409	74.283658322874
Squaliformes	Squalidae	Squalus	Squalus_occidentalis	8.91664783757433	3.66530509352733	18.5320811942949	2.41547319193133	20.8386676384747	3.18902249054665	10.6295403933567	2.22466441077066	19.6531292316452	2.63553994322815	21.9107364754937	1.90451865178008	18.601053250437	2.05953704990899	20.9954305642424	2.19399928876394	21.6924999763476	2.06200616540978	24.3608835070529	2.49786374862504	24.1390797324022	2.81936106769332	21.8465187244211	1.5952584962007	15.2545484061447	2.78114215135912	14.6685232752379	2.90666098211745	25.0214307058401	1.76110620972136	17.9917006493791	1.93371707383817	23.7694066090371	2.14049397958747	19.5959230312569	1.74512386476248	21.622960796145	1.6698064755028	12.7520613292694	2.89786064999462
Squaliformes	Squalidae	Squalus	Squalus_smithi	53.5661930032602	50.6651347603333	53.4922466878717	49.7074050913673	54.2251138522554	51.5030240750138	55.0805969761787	51.5209565703922	51.1088532182446	47.2819316465416	50.6267860349868	47.4668623210945	53.4413170311206	51.7199393526424	50.7667877336103	47.6383033196344	51.7724397873268	48.9757822797258	54.3049217959107	51.2464214011559	53.6597064714381	49.6546918832202	54.3986829803319	51.3868589763622	54.2582216779041	50.8313159875652	52.2616736323862	48.2345251389361	54.9640296328361	51.4079248907056	51.6298782087618	49.484429644869	53.8793263405262	51.285615620724	52.328172384697	49.3876281962636	54.3105835107078	49.5741598203978	53.0202880077402	49.9968761084368
Squaliformes	Squalidae	Squalus	Squalus_suckleyi	4.48726933975704	0	3.08538532176818	0	4.89456733520293	0	2.60329036813176	0	4.71468977696493	0	2.28577062146138	0	5.33364413679948	0	3.79766392623222	0	4.61174034905759	0	5.33044727077038	0	2.63491458983872	0	2.28820423230449	0	3.12483982298927	0	5.04090368777544	0	3.81194766397943	0	2.14265038327986	0	4.03167792622116	0	3.68571921656388	0	4.30011678009229	0	2.68820001592985	0
Squaliformes	Squalidae	Squalus	Squalus_volgensis	64.3200195729955	63.1912012410448	62.8087054327367	61.7330225123602	62.8517001926949	61.7551884554792	63.6225731849457	62.5492188351156	66.0159514954536	64.424487123886	66.6876582357827	65.3359899553034	63.0294846837559	61.9952210548101	66.3491871404561	64.1106526707182	66.5627100109335	65.21449354935	63.7940268046327	62.5943740002544	66.0211920858739	64.4173448636858	65.2936307267405	63.8290464532439	66.7723793883883	65.2793173782135	65.2237206304149	63.9132841971066	63.8116265652309	62.0434140538693	65.2521985486158	64.0986035185677	65.5778482644425	64.1950311412494	62.2172490002802	61.0683575713479	63.9626061193073	62.523426698192	66.298707254595	64.7533688558092
Squaliformes	Squalidae	Squalus	Squalus_vondermarcki	83.3408785171066	69.6408244318233	83.050927451873	70.8779648434966	84.4751468224472	69.8997186615561	82.1702917109557	70.3321385640326	83.2323164778664	70.6869413899037	84.3738594650785	69.0581683237434	84.0912689195733	65.6611808214589	83.5761196456073	70.4696730876434	82.0160211237373	69.2687613435043	82.9473284227441	69.6302061606053	83.4983698408056	67.4452402577499	84.2898770706381	68.1255325454699	81.7733267212034	69.4088253863364	82.5516959649094	66.3604752139066	84.0028166728537	70.7076211502541	84.4836431361121	66.5251759570822	84.4004010055051	71.0905006592888	82.3502166021458	69.2446277770209	82.5139764824598	67.1277815004612	82.2244712280072	70.5521745237318
Squaliformes	Squalidae	Squalus	Squalus_weltoni	54.2068241819492	39.2118500677905	53.9309661610333	40.0397905277163	53.5474902085979	39.4476554806772	54.5916040277692	40.0301518808861	54.1625262911208	39.4263082836809	53.1503429198851	39.9233224766671	53.7728087460996	39.7082695301259	54.00566266085	40.2685564228681	54.1474598188345	40.2943029594056	53.2441776088562	40.1446187234965	53.5692647294963	40.5167918514649	53.8960611341825	39.9463652585225	53.2558074167042	40.539268328558	53.7147135056827	40.6095603070121	54.198002620286	39.9569015697916	53.1291953883872	39.7053208799254	54.4270026587561	40.1866736003637	53.2680235188162	40.10366901725	54.0626116352319	39.9398929617468	53.86417306354	40.2761857246134
Squaliformes	Squalidae	Squalus	Squalus_woodburnei	53.393587087822	39.3042539582991	53.6162917084068	40.269748418009	53.8976330777241	40.5544458485962	54.772240460995	40.0634579093681	53.5260542971546	40.2278413651836	53.1043196726861	39.5049048204093	53.2054550922414	39.4326918424136	53.4222920579721	39.8036670745063	54.2945719767482	39.7760666022876	54.421423012127	40.3998339700814	53.981922957652	40.0329414378053	53.1387062747032	39.4232845426278	54.504152329641	40.3047754863734	53.9459088918308	40.0088183285812	53.8356538135523	40.4360384518987	52.8849700738142	39.3125956039592	53.8040295316961	39.7249685651571	54.1840223857397	39.3427623161478	54.0546746831194	39.5296801899199	53.4121493634718	40.829195013914
Squaliformes	Squalidae	Squalus	Squalus_worlandensis	75.2504536023954	71.7139649442085	75.4457850491431	71.5066612747088	75.3416648907684	71.5309464214266	76.4262038267809	72.6425961946009	77.787336247014	74.2779033881516	76.2046655874661	71.672328181354	75.4805544755124	71.1681406817028	77.8602249316262	71.5317569376211	75.9927287711628	72.8618314151233	77.4706123520507	72.5959979173889	76.2789923780937	73.8724561570969	76.3899237507441	70.7632154795838	74.4298839402481	71.7909265910846	75.3492781248969	72.9020754045893	77.9967852772607	71.2062339837099	74.2670859444344	71.8328582148891	74.8191327000569	71.7047421976587	74.4083818317458	71.8724160181047	74.6266466203296	71.2750599084536	77.5009211572599	70.7687451467582
Squaliformes	Etmopteridae	Trigonognathus	Trigonognathus_virginiae	45.7006203419935	41.2911821801722	44.2778924538685	42.3680266903611	44.8463799185291	42.26989923581	45.1532716330685	42.5008563233388	44.6756533182645	42.6060594069312	45.4654958749596	41.7258412227344	45.3756118673428	40.9999209897825	44.813144868462	41.7470831125935	45.1163882336891	42.1113511729294	44.9373342992764	41.9672570929875	45.2018401847277	42.2983423883903	45.4018754230056	42.1376319391535	45.0120941128102	42.0286114488007	44.9878103325256	42.6697818593138	45.1204630597242	42.2840323085881	45.1711165532312	42.3153901673702	45.4204734959281	41.7271464777538	45.1880262602486	41.8374342590132	45.2776083658474	41.7405069900455	44.4557945753331	42.4317479496654
Squaliformes	Somniosidae	Zameus	Zameus_squamulosus	22.9723810217499	0	18.8377030593969	0	22.9574005183903	0	21.6328017279355	0	24.7801880051011	0	22.8562054228397	0	19.7385597489542	0	22.5480229281078	0	19.4034265350312	0	23.3332282020119	0	20.9990161177416	0	20.8430690254792	0	24.3376799925227	0	24.6683448507385	0	23.4474056404944	0	20.9386507263664	0	21.7332634155894	0	20.9136691950615	0	23.2188340149351	0	19.8499682500329	0
